epsilon,steps,n_images,mean_asr,mean_ssim,mean_psnr,mean_l2_dist
0.03,40,200,1.0,0.8626637581411987,33.54252475686556,1.917587748169899
