epsilon,steps,n_images,mean_asr,mean_ssim,mean_psnr,mean_cosine_sim
0.03,40,200,1.0,0.9023150694725541,34.19924716682654,-0.7780469498038292
