epsilon,steps,n_images,mean_asr,mean_ssim,mean_psnr,mean_cosine_sim
0.03,80,50,1.0,0.9079793621132579,34.20238131956815,-0.8255506730079651
