epsilon,steps,n_images,mean_asr,mean_ssim,mean_psnr,mean_cosine_sim
0.1,80,50,1.0,0.5741371497154945,24.621399291671867,-0.9294179368019104
