epsilon,steps,n_images,mean_asr,mean_ssim,mean_psnr,mean_cosine_sim
0.08,80,50,1.0,0.659260824979862,26.486343842796945,-0.9237776100635529
