epsilon,steps,n_images,mean_asr,mean_ssim,mean_psnr,mean_cosine_sim
0.05,80,50,1.0,0.8078318754105623,30.30091137587501,-0.8929022932052613
