epsilon,steps,n_images,mean_asr,mean_ssim,mean_psnr,mean_cosine_sim
0.08,40,50,1.0,0.6538884675130386,26.348660243187982,-0.8706313037872314
