epsilon,steps,n_images,mean_asr,mean_ssim,mean_psnr,mean_cosine_sim
0.05,40,50,1.0,0.8060089994598669,30.2353705604994,-0.8380455565452576
