epsilon,steps,n_images,mean_asr,mean_ssim,mean_psnr,mean_cosine_sim
0.1,40,50,1.0,0.569989404314892,24.51192417012766,-0.8771658408641815
