epsilon,steps,n_images,mean_asr,mean_ssim,mean_psnr,mean_cosine_sim
0.12,80,50,1.0,0.5025598358018865,23.091322313469867,-0.9327849626541138
