epsilon,steps,n_images,mean_asr,mean_ssim,mean_psnr,mean_cosine_sim
0.03,40,340,1.0,0.9016779254293242,34.19578546308925,-0.7832370824673597
