accuracy,precision,recall,auc_roc
0.501,0.5005107252298263,0.98,0.48846
