accuracy,precision,recall,auc_roc
0.631,0.8922155688622755,0.298,0.714176
