accuracy,precision,recall,auc_roc
0.856,0.9494949494949495,0.752,0.955008
