accuracy,precision,recall,auc_roc
0.718,0.8427672955974843,0.536,0.794248
