accuracy,precision,recall,auc_roc
0.84,0.8571428571428571,0.816,0.925984
