accuracy,precision,recall,auc_roc
0.912,0.9087301587301587,0.916,0.9689279999999999
