accuracy,precision,recall,auc_roc
0.816,0.7438271604938271,0.964,0.94044
