accuracy,precision,recall,auc_roc
0.727,0.901060070671378,0.51,0.8143279999999999
