accuracy,precision,recall,auc_roc
0.729,0.8207282913165266,0.586,0.805016
