accuracy,precision,recall,auc_roc
0.738,0.7793427230046949,0.664,0.8235600000000001
